main_genre,parent_genre
abstract beats,Avant-Garde & Experimental
abstract hip hop,Avant-Garde & Experimental
ambeat,Avant-Garde & Experimental
ambient,Avant-Garde & Experimental
ambient techno,Avant-Garde & Experimental
american post-rock,Avant-Garde & Experimental
american shoegaze,Avant-Garde & Experimental
anti-folk,Avant-Garde & Experimental
art pop,Avant-Garde & Experimental
art rock,Avant-Garde & Experimental
avant-garde,Avant-Garde & Experimental
avant-garde jazz,Avant-Garde & Experimental
avantgarde metal,Avant-Garde & Experimental
complextro,Avant-Garde & Experimental
compositional ambient,Avant-Garde & Experimental
cyberpunk,Avant-Garde & Experimental
dakke dak,Avant-Garde & Experimental
dark cabaret,Avant-Garde & Experimental
dark techno,Avant-Garde & Experimental
dark wave,Avant-Garde & Experimental
darkstep,Avant-Garde & Experimental
deep minimal techno,Avant-Garde & Experimental
denpa-kei,Avant-Garde & Experimental
destroy techno,Avant-Garde & Experimental
ectofolk,Avant-Garde & Experimental
escape room,Avant-Garde & Experimental
experimental,Avant-Garde & Experimental
experimental hip hop,Avant-Garde & Experimental
experimental rock,Avant-Garde & Experimental
fake,Avant-Garde & Experimental
freak folk,Avant-Garde & Experimental
hyperpop,Avant-Garde & Experimental
industrial,Avant-Garde & Experimental
instrumental post-rock,Avant-Garde & Experimental
laboratorio,Avant-Garde & Experimental
mathcore,Avant-Garde & Experimental
melancholia,Avant-Garde & Experimental
melodic progressive metal,Avant-Garde & Experimental
neo-classical,Avant-Garde & Experimental
neo-psychedelic,Avant-Garde & Experimental
neurofunk,Avant-Garde & Experimental
new tribe,Avant-Garde & Experimental
nightrun,Avant-Garde & Experimental
nintendocore,Avant-Garde & Experimental
noise rock,Avant-Garde & Experimental
outsider,Avant-Garde & Experimental
psychedelic doom,Avant-Garde & Experimental
psychedelic folk,Avant-Garde & Experimental
psychedelic rock,Avant-Garde & Experimental
psychedelic trance,Avant-Garde & Experimental
shibuya-kei,Avant-Garde & Experimental
slam poetry,Avant-Garde & Experimental
song poem,Avant-Garde & Experimental
spacewave,Avant-Garde & Experimental
trancecore,Avant-Garde & Experimental
tzadik,Avant-Garde & Experimental
acoustic blues,Blues & Soul
blues,Blues & Soul
blues-rock,Blues & Soul
british blues,Blues & Soul
british soul,Blues & Soul
canadian blues,Blues & Soul
chicago soul,Blues & Soul
classic soul,Blues & Soul
country blues,Blues & Soul
deep northern soul,Blues & Soul
deep southern soul,Blues & Soul
harmonica blues,Blues & Soul
jump blues,Blues & Soul
louisiana blues,Blues & Soul
memphis soul,Blues & Soul
modern blues,Blues & Soul
modern blues rock,Blues & Soul
neo soul,Blues & Soul
northern soul,Blues & Soul
norwegian blues,Blues & Soul
philly soul,Blues & Soul
post-disco soul,Blues & Soul
retro soul,Blues & Soul
rhythm and blues,Blues & Soul
smooth soul,Blues & Soul
soul,Blues & Soul
soul blues,Blues & Soul
soul flow,Blues & Soul
soul jazz,Blues & Soul
southern soul,Blues & Soul
southern soul blues,Blues & Soul
traditional soul,Blues & Soul
trap soul,Blues & Soul
australian children's music,Children's
children's music,Children's
hoerspiel,Children's
lullaby,Children's
music box,Children's
musica infantil,Children's
musica para ninos,Children's
reading,Children's
adoracao,Christian
alternative ccm,Christian
ambient worship,Christian
american choir,Christian
anglican liturgy,Christian
anthem worship,Christian
canadian ccm,Christian
ccm,Christian
Christian,Christian
christian alternative rock,Christian
christian deathcore,Christian
christian hardcore,Christian
christian hip hop,Christian
christian indie,Christian
christian music,Christian
christian pop,Christian
christian punk,Christian
christian relaxative,Christian
christian rock,Christian
christian uplift,Christian
classic praise,Christian
Contemporary Christian Music ,Christian
contemporary gospel,Christian
country gospel,Christian
deep ccm,Christian
deep christian rock,Christian
deep latin christian,Christian
gospel,Christian
gospel singers,Christian
lds,Christian
muzica crestina,Christian
pinoy praise,Christian
praise,Christian
roots worship,Christian
russian ccm,Christian
american contemporary classical,Classical
american modern classical,Classical
american romanticism,Classical
baroque,Classical
baroque ensemble,Classical
british modern classical,Classical
canadian classical,Classical
cello,Classical
chamber orchestra,Classical
classic soundtrack,Classical
classical,Classical
classical bass,Classical
classical cello,Classical
classical flute,Classical
classical mezzo-soprano,Classical
classical performance,Classical
classical piano,Classical
classical soprano,Classical
classical tenor,Classical
harp,Classical
hindustani classical,Classical
historically informed performance,Classical
monastic,Classical
opera,Classical
oratory,Classical
orchestra,Classical
orchestral performance,Classical
pianissimo,Classical
piano cover,Classical
radio symphony,Classical
sitar,Classical
violin,Classical
afrikaans,Country & Folk
alberta country,Country & Folk
alternative country,Country & Folk
ambient folk,Country & Folk
american folk revival,Country & Folk
appalachian folk,Country & Folk
arab folk,Country & Folk
arkansas country,Country & Folk
australian country,Country & Folk
bagpipe,Country & Folk
banjo,Country & Folk
blaskapelle,Country & Folk
bluegrass,Country & Folk
bouzouki,Country & Folk
british choir,Country & Folk
british dance band,Country & Folk
british folk,Country & Folk
british singer-songwriter,Country & Folk
canadian celtic,Country & Folk
canadian contemporary country,Country & Folk
canadian country,Country & Folk
canadian folk,Country & Folk
canadian singer-songwriter,Country & Folk
celtic,Country & Folk
chanson quebecois,Country & Folk
contemporary country,Country & Folk
cosmic american,Country & Folk
country,Country & Folk
country dawn,Country & Folk
country pop,Country & Folk
country road,Country & Folk
country rock,Country & Folk
deathgrass,Country & Folk
deep contemporary country,Country & Folk
deep indie singer-songwriter,Country & Folk
deep new americana,Country & Folk
didgeridoo,Country & Folk
fingerstyle,Country & Folk
flamenco,Country & Folk
flamenco guitar,Country & Folk
folk,Country & Folk
folk rock,Country & Folk
german country,Country & Folk
gothic americana,Country & Folk
hawaiian,Country & Folk
indie anthem-folk,Country & Folk
indie folk,Country & Folk
instrumental acoustic guitar,Country & Folk
irish country,Country & Folk
irish folk,Country & Folk
irish singer-songwriter,Country & Folk
israeli mediterranean,Country & Folk
jug band,Country & Folk
light music,Country & Folk
manitoba indie,Country & Folk
marching band,Country & Folk
medieval folk,Country & Folk
michigan indie,Country & Folk
military cadence,Country & Folk
modern country rock,Country & Folk
nashville indie,Country & Folk
nashville singer-songwriter,Country & Folk
nashville sound,Country & Folk
native american,Country & Folk
neo-singer-songwriter,Country & Folk
neo-traditional country,Country & Folk
new americana,Country & Folk
nordic soundtrack,Country & Folk
nz singer-songwriter,Country & Folk
oceania soundtrack,Country & Folk
outlaw country,Country & Folk
pop folk,Country & Folk
progressive bluegrass,Country & Folk
redneck,Country & Folk
scottish americana,Country & Folk
scottish singer-songwriter,Country & Folk
shaabi,Country & Folk
singer-songwriter,Country & Folk
steel guitar,Country & Folk
stomp and holler,Country & Folk
traditional country,Country & Folk
Folk pop,Country & Folk
8-bit,Electronic
acid house,Electronic
afro dancehall,Electronic
afro house,Electronic
alternative dance,Electronic
atmosphere,Electronic
aussietronica,Electronic
australian dance,Electronic
balearic,Electronic
Balearic Beat,Electronic
ballroom,Electronic
bass house,Electronic
bass trip,Electronic
basshall,Electronic
bassline,Electronic
belgian dance,Electronic
big beat,Electronic
big room,Electronic
bmore,Electronic
brazilian edm,Electronic
brazilian house,Electronic
brostep,Electronic
bubble trance,Electronic
bubblegum dance,Electronic
canadian electronic,Electronic
chicago house,Electronic
chillwave,Electronic
chiptune,Electronic
Dance,Electronic
dance rock,Electronic
dancehall,Electronic
dance-punk,Electronic
deep chiptune,Electronic
deep disco,Electronic
deep disco house,Electronic
deep eurodance,Electronic
deep freestyle,Electronic
deep groove house,Electronic
deep house,Electronic
deep new wave,Electronic
deep progressive trance,Electronic
deep tropical house,Electronic
deep vocal house,Electronic
detroit house,Electronic
disco,Electronic
disco house,Electronic
diva house,Electronic
downtempo,Electronic
drum and bass,Electronic
dubstep,Electronic
dutch house,Electronic
ebm,Electronic
edm,Electronic
electric blues,Electronic
electro,Electronic
electro house,Electronic
Electro Pop,Electronic
electro swing,Electronic
electroclash,Electronic
electrofox,Electronic
electro-industrial,Electronic
electronic,Electronic
electropop,Electronic
eurodance,Electronic
fidget house,Electronic
filter house,Electronic
folktronica,Electronic
freestyle,Electronic
funky tech house,Electronic
future garage,Electronic
gabba,Electronic
german dance,Electronic
german techno,Electronic
gymcore,Electronic
hardcore techno,Electronic
hardstyle,Electronic
hi-nrg,Electronic
horror synth,Electronic
house,Electronic
indie electro-pop,Electronic
indietronica,Electronic
italian disco,Electronic
jersey club,Electronic
jump up,Electronic
kids dance party,Electronic
melbourne bounce,Electronic
miami bass,Electronic
moog,Electronic
new french touch,Electronic
new wave,Electronic
otacore,Electronic
pop edm,Electronic
post-disco,Electronic
progressive electro house,Electronic
progressive trance house,Electronic
progressive uplifting trance,Electronic
retro electro,Electronic
scorecore,Electronic
strut,Electronic
swedish electronic,Electronic
swedish tropical house,Electronic
tracestep,Electronic
tribal house,Electronic
trip hop,Electronic
tropical house,Electronic
uk dance,Electronic
uk funky,Electronic
uk garage,Electronic
uk house,Electronic
video game music,Electronic
vocal house,Electronic
vocal trance,Electronic
alabama rap,Hip Hop
alternative hip hop,Hip Hop
atl hip hop,Hip Hop
atl trap,Hip Hop
australian hip hop,Hip Hop
australian trap,Hip Hop
bass trap,Hip Hop
baton rouge rap,Hip Hop
battle rap,Hip Hop
bboy,Hip Hop
birmingham grime,Hip Hop
boom bap,Hip Hop
boston hip hop,Hip Hop
bounce,Hip Hop
brazilian hip hop,Hip Hop
cali rap,Hip Hop
canadian hip hop,Hip Hop
chicago drill,Hip Hop
chicago rap,Hip Hop
chicano rap,Hip Hop
chillhop,Hip Hop
chinese hip hop,Hip Hop
conscious hip hop,Hip Hop
country rap,Hip Hop
crunk,Hip Hop
dark trap,Hip Hop
deep east coast hip hop,Hip Hop
deep german hip hop,Hip Hop
deep southern trap,Hip Hop
deep underground hip hop,Hip Hop
desi hip hop,Hip Hop
detroit hip hop,Hip Hop
detroit trap,Hip Hop
dfw rap,Hip Hop
dirty south rap,Hip Hop
dirty texas rap,Hip Hop
dmv rap,Hip Hop
dutch hip hop,Hip Hop
east coast hip hop,Hip Hop
emo rap,Hip Hop
florida rap,Hip Hop
g funk,Hip Hop
Gangsta Rap,Hip Hop
gangster rap,Hip Hop
ghanaian hip hop,Hip Hop
grime,Hip Hop
hardcore hip hop,Hip Hop
hawaiian hip hop,Hip Hop
hip hop,Hip Hop
hip house,Hip Hop
horrorcore,Hip Hop
houston rap,Hip Hop
hyphy,Hip Hop
indie pop rap,Hip Hop
indonesian hip hop,Hip Hop
k-hop,Hip Hop
latin hip hop,Hip Hop
lgbtq+ hip hop,Hip Hop
lo-fi beats,Hip Hop
meme rap,Hip Hop
memphis hip hop,Hip Hop
miami hip hop,Hip Hop
military rap,Hip Hop
milwaukee hip hop,Hip Hop
nc hip hop,Hip Hop
new jersey rap,Hip Hop
new orleans rap,Hip Hop
nyc rap,Hip Hop
old school hip hop,Hip Hop
philly rap,Hip Hop
pinoy hip hop,Hip Hop
pop rap,Hip Hop
portland hip hop,Hip Hop
rap,Hip Hop
rap conscient,Hip Hop
san diego rap,Hip Hop
southern hip hop,Hip Hop
stl indie,Hip Hop
Trap,Hip Hop
trap brasileiro,Hip Hop
trap music,Hip Hop
Trap Rap,Hip Hop
turntablism,Hip Hop
uk hip hop,Hip Hop
underground hip hop,Hip Hop
viral trap,Hip Hop
west coast rap,Hip Hop
west coast trap,Hip Hop
acid jazz,Jazz
adult standards,Jazz
afrobeat,Jazz
australian jazz,Jazz
bebop,Jazz
belgian modern jazz,Jazz
big band,Jazz
bossa nova,Jazz
bossa nova jazz,Jazz
brass band,Jazz
british brass band,Jazz
british jazz,Jazz
chanson,Jazz
contemporary jazz,Jazz
contemporary post-bop,Jazz
contrabass,Jazz
cool jazz,Jazz
dark jazz,Jazz
deep adult standards,Jazz
deep free jazz,Jazz
deep jazz fusion,Jazz
deep vocal jazz,Jazz
dixieland,Jazz
french jazz,Jazz
gypsy jazz,Jazz
hard bop,Jazz
indian jazz,Jazz
indie jazz,Jazz
indonesian jazz,Jazz
jazz,Jazz
jazz blues,Jazz
jazz cubano,Jazz
jazz double bass,Jazz
jazz drums,Jazz
jazz electric bass,Jazz
jazz funk,Jazz
jazz fusion,Jazz
jazz guitar,Jazz
jazz organ,Jazz
jazz saxophone,Jazz
jazz trombone,Jazz
jazz trumpet,Jazz
jazz vibraphone,Jazz
jazz violin,Jazz
latin jazz,Jazz
lounge,Jazz
neo soul-jazz,Jazz
new orleans jazz,Jazz
nu jazz,Jazz
progressive jazz fusion,Jazz
smooth jazz,Jazz
spiritual jazz,Jazz
swing,Jazz
vapor soul,Jazz
vocal jazz,Jazz
axe,Latin
bachata,Latin
banda,Latin
bolero,Latin
boogaloo,Latin
canadian latin,Latin
cantautor,Latin
canzone napoletana,Latin
champeta,Latin
choro,Latin
chutney,Latin
cuban alternative,Latin
cuban rumba,Latin
cubaton,Latin
cumbia,Latin
deep regional mexican,Latin
dominican pop,Latin
duranguense,Latin
electro latino,Latin
forro,Latin
francoton,Latin
funana,Latin
grupera,Latin
latin,Latin
latin alternative,Latin
latin arena pop,Latin
latin pop,Latin
latin rock,Latin
latin viral pop,Latin
merengue,Latin
moombahton,Latin
mpb,Latin
norteno,Latin
paracana,Latin
r&b brasileiro,Latin
reggae en espanol,Latin
reggaeton,Latin
reggaeton flow,Latin
regional mexican,Latin
regional mexican pop,Latin
romanian pop,Latin
romantico,Latin
sertanejo,Latin
sertanejo pop,Latin
sertanejo universitario,Latin
soca,Latin
steelpan,Latin
tejano,Latin
tico,Latin
alabama metal,Metal
alternative metal,Metal
atmospheric black metal,Metal
australian metal,Metal
australian metalcore,Metal
birmingham metal,Metal
black metal,Metal
boston metal,Metal
brutal death metal,Metal
buffalo ny metal,Metal
canadian metal,Metal
christian metal,Metal
comic metal,Metal
death metal,Metal
doom metal,Metal
dutch metal,Metal
finnish death metal,Metal
finnish metal,Metal
funk metal,Metal
german metal,Metal
german metalcore,Metal
glam metal,Metal
gothic metal,Metal
gothic symphonic metal,Metal
groove metal,Metal
industrial metal,Metal
j-metal,Metal
kentucky metal,Metal
melodic death metal,Metal
melodic metalcore,Metal
metal,Metal
metalcore,Metal
metallic hardcore,Metal
miami metal,Metal
neo classical metal,Metal
nu metal,Metal
nu-metalcore,Metal
progressive metal,Metal
rap metal,Metal
speed metal,Metal
uk metalcore,Metal
a cappella,Other
afropop,Other
anime,Other
anime score,Other
audiophile vocal,Other
australian talent show,Other
azonto,Other
background music,Other
british comedy,Other
british soundtrack,Other
broadway,Other
cabaret,Other
canadian comedy,Other
canadian soundtrack,Other
cartoon,Other
christmas product,Other
classify,Other
clean comedy,Other
comedienne,Other
comedy,Other
comic,Other
coverchill,Other
deep soundtrack,Other
deep talent show,Other
disney,Other
enka,Other
erotica,Other
french soundtrack,Other
german soundtrack,Other
halloween,Other
healing,Other
hollywood,Other
karaoke,Other
library music,Other
lilith,Other
movie tunes,Other
new age,Other
prank,Other
sandalwood,Other
show tunes,Other
sleep,Other
soundtrack,Other
talent show,Other
theme,Other
tribute,Other
Tribute/Cover Album,Other
Various,Other
vintage hollywood,Other
vintage italian soundtrack,Other
workout product,Other
world,Other
wrestling,Other
acoustic opm,Pop
acoustic pop,Pop
Adult Contemporary,Pop
alternative pop,Pop
alt-idol,Pop
antiviral pop,Pop
australian electropop,Pop
australian pop,Pop
austropop,Pop
baile pop,Pop
baroque pop,Pop
beach music,Pop
bedroom pop,Pop
belgian pop,Pop
bow pop,Pop
boy band,Pop
boy pop,Pop
brill building pop,Pop
britpop,Pop
bubblegum pop,Pop
canadian electropop,Pop
canadian pop,Pop
canadian pop punk,Pop
candy pop,Pop
chamber pop,Pop
channel pop,Pop
classic belgian pop,Pop
classic danish pop,Pop
classic girl group,Pop
classic italian pop,Pop
classic norwegian pop,Pop
classic nz pop,Pop
classic opm,Pop
classic schlager,Pop
classic swedish pop,Pop
classic uk pop,Pop
colombian pop,Pop
dance pop,Pop
danish pop,Pop
deep acoustic pop,Pop
deep dance pop,Pop
deep indian pop,Pop
desi pop,Pop
Disco Pop,Pop
doo-wop,Pop
dream pop,Pop
dutch pop,Pop
easy listening,Pop
ecuadorian pop,Pop
electropowerpop,Pop
etherpop,Pop
europop,Pop
folk-pop,Pop
french pop,Pop
garage pop,Pop
gauze pop,Pop
german pop,Pop
girl group,Pop
grunge pop,Pop
hip pop,Pop
hopebeat,Pop
idol,Pop
indie pop,Pop
indie poptimism,Pop
irish pop,Pop
israeli pop,Pop
jangle pop,Pop
j-division,Pop
jewish pop,Pop
j-idol,Pop
jordanian pop,Pop
j-pop,Pop
j-pop girl group,Pop
j-poprock,Pop
korean pop,Pop
k-pop,Pop
k-pop girl group,Pop
la pop,Pop
nederpop,Pop
neon pop punk,Pop
neo-synthpop,Pop
new romantic,Pop
new wave pop,Pop
norwegian pop,Pop
nyc pop,Pop
nz pop,Pop
operatic pop,Pop
opm,Pop
pop,Pop
pop house,Pop
pop nacional,Pop
post-teen pop,Pop
power pop,Pop
reunion pop,Pop
scandipop,Pop
shimmer pop,Pop
space age pop,Pop
sunshine pop,Pop
swamp pop,Pop
synthpop,Pop
teen pop,Pop
uk pop,Pop
vapor pop,Pop
vintage dutch pop,Pop
vintage french electronic,Pop
vocal harmony group,Pop
alternative r&b,R&B & Funk
brit funk,R&B & Funk
canadian contemporary r&b,R&B & Funk
Contemporary R&B,R&B & Funk
deep funk,R&B & Funk
deep g funk,R&B & Funk
deep motown,R&B & Funk
deep pop r&b,R&B & Funk
funk,R&B & Funk
funk carioca,R&B & Funk
funk rock,R&B & Funk
go-go,R&B & Funk
gospel r&b,R&B & Funk
indie r&b,R&B & Funk
instrumental funk,R&B & Funk
japanese r&b,R&B & Funk
korean r&b,R&B & Funk
motown,R&B & Funk
neo mellow,R&B & Funk
neo r&b,R&B & Funk
new jack smooth,R&B & Funk
new jack swing,R&B & Funk
p funk,R&B & Funk
pagode,R&B & Funk
Pop Soul,R&B & Funk
quiet storm,R&B & Funk
r&b,R&B & Funk
rare groove,R&B & Funk
Soul Pop,R&B & Funk
urban contemporary,R&B & Funk
australian reggae fusion,Reggae
Dancehall Pop,Reggae
deep ragga,Reggae
dub,Reggae
east coast reggae,Reggae
euroska,Reggae
gospel reggae,Reggae
jawaiian,Reggae
lovers rock,Reggae
modern reggae,Reggae
old school dancehall,Reggae
reggae,Reggae
reggae fusion,Reggae
rock steady,Reggae
ska,Reggae
traditional ska,Reggae
uk reggae,Reggae
acoustic punk,Rock
african rock,Rock
alabama indie,Rock
alaska indie,Rock
album rock,Rock
albuquerque indie,Rock
alternative americana,Rock
alternative emo,Rock
alternative pop rock,Rock
alternative rock,Rock
alternative roots rock,Rock
anarcho-punk,Rock
anthem emo,Rock
argentine punk,Rock
athens indie,Rock
atlanta indie,Rock
auckland indie,Rock
austindie,Rock
australian alternative rock,Rock
australian americana,Rock
australian indie,Rock
australian psych,Rock
australian rock,Rock
baltimore indie,Rock
bath indie,Rock
bay area indie,Rock
belgian indie,Rock
belgian rock,Rock
bergen indie,Rock
black thrash,Rock
Blues Rock,Rock
boston hardcore,Rock
boston punk,Rock
boston rock,Rock
brazilian punk,Rock
brazilian rock,Rock
brighton indie,Rock
british alternative rock,Rock
british indie rock,Rock
british invasion,Rock
british post-rock,Rock
brooklyn indie,Rock
brutal deathcore,Rock
c86,Rock
canadian hardcore,Rock
canadian indie,Rock
canadian post-hardcore,Rock
canadian post-rock,Rock
canadian rock,Rock
canterbury scene,Rock
cape town indie,Rock
celtic rock,Rock
chamber psych,Rock
channel islands indie,Rock
chaotic hardcore,Rock
charlotte nc indie,Rock
charlottesville indie,Rock
chicago indie,Rock
chicago punk,Rock
cincinnati indie,Rock
classic canadian rock,Rock
classic garage rock,Rock
classic psychedelic rock,Rock
classic rock,Rock
classic russian rock,Rock
columbus ohio indie,Rock
comedy rock,Rock
corrosion,Rock
coventry indie,Rock
cowpunk,Rock
crossover thrash,Rock
crust punk,Rock
czech rock,Rock
dallas indie,Rock
danish alternative rock,Rock
deathcore,Rock
deep classic garage rock,Rock
deep melodic hard rock,Rock
deep punk rock,Rock
deep soft rock,Rock
deep surf music,Rock
denton tx indie,Rock
derry indie,Rock
detroit indie,Rock
devon indie,Rock
djent,Rock
dreamo,Rock
duluth indie,Rock
dutch indie,Rock
dutch prog,Rock
dutch rock,Rock
easycore,Rock
edmonton indie,Rock
el paso indie,Rock
electronic rock,Rock
emo,Rock
english indie rock,Rock
epicore,Rock
finnish rockabilly,Rock
folk punk,Rock
freakbeat,Rock
french shoegaze,Rock
gainesville indie,Rock
garage rock,Rock
german hard rock,Rock
german pop rock,Rock
german punk,Rock
glam rock,Rock
gothic alternative,Rock
gothic rock,Rock
grunge,Rock
gypsy punk,Rock
hard alternative,Rock
hard glam,Rock
hard rock,Rock
hardcore,Rock
hardcore punk,Rock
heartland rock,Rock
horror punk,Rock
icelandic indie,Rock
idaho indie,Rock
indian indie,Rock
indie pop rock,Rock
indie rock,Rock
indie shoegaze,Rock
instrumental rock,Rock
irish rock,Rock
italian progressive rock,Rock
jam band,Rock
kentucky indie,Rock
k-indie,Rock
kiwi rock,Rock
la indie,Rock
lexington ky indie,Rock
limerick indie,Rock
madchester,Rock
mellow gold,Rock
melodic hard rock,Rock
melodic hardcore,Rock
melodic thrash,Rock
memphis americana,Rock
merseybeat,Rock
metropopolis,Rock
mexican indie,Rock
mexican rock-and-roll,Rock
minneapolis indie,Rock
minneapolis sound,Rock
mod revival,Rock
modern alternative rock,Rock
modern hard rock,Rock
modern rock,Rock
modern ska punk,Rock
modern southern rock,Rock
neo-progressive,Rock
neo-rockabilly,Rock
neue deutsche harte,Rock
new jersey indie,Rock
norman ok indie,Rock
northern irish indie,Rock
oi,Rock
ok indie,Rock
omaha indie,Rock
permanent wave,Rock
perth indie,Rock
philly indie,Rock
piano rock,Rock
pittsburgh rock,Rock
pixie,Rock
pop punk,Rock
pop rock,Rock
post-grunge,Rock
post-hardcore,Rock
post-post-hardcore,Rock
post-punk,Rock
post-screamo,Rock
progressive post-hardcore,Rock
progressive rock,Rock
protopunk,Rock
psychedelic blues-rock,Rock
psychobilly,Rock
pub rock,Rock
punk,Rock
rap rock,Rock
reggae rock,Rock
riot grrrl,Rock
rochester ny indie,Rock
rock,Rock
rock-and-roll,Rock
roots rock,Rock
san diego indie,Rock
saskatchewan indie,Rock
scottish indie,Rock
scottish new wave,Rock
scottish rock,Rock
screamo,Rock
screamo punk,Rock
shred,Rock
ska punk,Rock
skinhead oi,Rock
soft rock,Rock
southern rock,Rock
spanish invasion,Rock
springfield mo indie,Rock
surf music,Rock
swedish alternative rock,Rock
swedish indie rock,Rock
swedish rockabilly,Rock
swiss rock,Rock
traditional rockabilly,Rock
tulsa indie,Rock
vancouver indie,Rock
vegas indie,Rock
yacht rock,Rock
-,
